ip,score,source,first_seen
3.2.2.5,15,https://feeds.feedburner.com/GoogleOnlineSecurityBlog,2025-12-18T00:24:48Z
3.2.2.4,15,https://feeds.feedburner.com/GoogleOnlineSecurityBlog,2025-12-18T00:24:48Z
192.168.0.1,15,https://feeds.feedburner.com/GoogleOnlineSecurityBlog,2025-12-18T00:24:48Z
10.0.0.1,15,https://feeds.feedburner.com/GoogleOnlineSecurityBlog,2025-12-18T00:24:48Z
3.2.2.5,15,https://feeds.feedburner.com/GoogleOnlineSecurityBlog,2025-12-18T00:26:55Z
3.2.2.4,15,https://feeds.feedburner.com/GoogleOnlineSecurityBlog,2025-12-18T00:26:55Z
192.168.0.1,15,https://feeds.feedburner.com/GoogleOnlineSecurityBlog,2025-12-18T00:26:55Z
10.0.0.1,15,https://feeds.feedburner.com/GoogleOnlineSecurityBlog,2025-12-18T00:26:55Z
3.2.2.4,15,https://feeds.feedburner.com/GoogleOnlineSecurityBlog,2025-12-18T00:30:40Z
3.2.2.5,15,https://feeds.feedburner.com/GoogleOnlineSecurityBlog,2025-12-18T00:30:40Z
192.168.0.1,15,https://feeds.feedburner.com/GoogleOnlineSecurityBlog,2025-12-18T00:30:40Z
10.0.0.1,15,https://feeds.feedburner.com/GoogleOnlineSecurityBlog,2025-12-18T00:30:40Z
74.125.34.46,15,https://blog.virustotal.com/feeds/posts/default,2025-12-18T00:30:40Z
34.54.88.138,15,https://blog.virustotal.com/feeds/posts/default,2025-12-18T00:30:40Z
3.2.2.5,15,https://feeds.feedburner.com/GoogleOnlineSecurityBlog,2025-12-18T00:48:20Z
3.2.2.4,15,https://feeds.feedburner.com/GoogleOnlineSecurityBlog,2025-12-18T00:48:20Z
192.168.0.1,15,https://feeds.feedburner.com/GoogleOnlineSecurityBlog,2025-12-18T00:48:20Z
10.0.0.1,15,https://feeds.feedburner.com/GoogleOnlineSecurityBlog,2025-12-18T00:48:20Z
74.125.34.46,15,https://blog.virustotal.com/feeds/posts/default,2025-12-18T00:48:20Z
34.54.88.138,15,https://blog.virustotal.com/feeds/posts/default,2025-12-18T00:48:20Z
3.2.2.4,15,https://feeds.feedburner.com/GoogleOnlineSecurityBlog,2025-12-18T00:51:17Z
3.2.2.5,15,https://feeds.feedburner.com/GoogleOnlineSecurityBlog,2025-12-18T00:51:17Z
192.168.0.1,15,https://feeds.feedburner.com/GoogleOnlineSecurityBlog,2025-12-18T00:51:17Z
10.0.0.1,15,https://feeds.feedburner.com/GoogleOnlineSecurityBlog,2025-12-18T00:51:17Z
74.125.34.46,15,https://blog.virustotal.com/feeds/posts/default,2025-12-18T00:51:17Z
34.54.88.138,15,https://blog.virustotal.com/feeds/posts/default,2025-12-18T00:51:17Z
3.2.2.5,15,https://feeds.feedburner.com/GoogleOnlineSecurityBlog,2025-12-18T00:53:11Z
3.2.2.4,15,https://feeds.feedburner.com/GoogleOnlineSecurityBlog,2025-12-18T00:53:11Z
192.168.0.1,15,https://feeds.feedburner.com/GoogleOnlineSecurityBlog,2025-12-18T00:53:11Z
10.0.0.1,15,https://feeds.feedburner.com/GoogleOnlineSecurityBlog,2025-12-18T00:53:11Z
34.54.88.138,15,https://blog.virustotal.com/feeds/posts/default,2025-12-18T00:53:11Z
74.125.34.46,15,https://blog.virustotal.com/feeds/posts/default,2025-12-18T00:53:11Z
3.2.2.4,15,https://feeds.feedburner.com/GoogleOnlineSecurityBlog,2025-12-18T01:11:01Z
3.2.2.5,15,https://feeds.feedburner.com/GoogleOnlineSecurityBlog,2025-12-18T01:11:01Z
192.168.0.1,15,https://feeds.feedburner.com/GoogleOnlineSecurityBlog,2025-12-18T01:11:01Z
10.0.0.1,15,https://feeds.feedburner.com/GoogleOnlineSecurityBlog,2025-12-18T01:11:01Z
34.54.88.138,15,https://blog.virustotal.com/feeds/posts/default,2025-12-18T01:11:01Z
74.125.34.46,15,https://blog.virustotal.com/feeds/posts/default,2025-12-18T01:11:01Z
3.2.2.4,15,https://feeds.feedburner.com/GoogleOnlineSecurityBlog,2025-12-18T19:07:57Z
3.2.2.5,15,https://feeds.feedburner.com/GoogleOnlineSecurityBlog,2025-12-18T19:07:57Z
192.168.0.1,15,https://feeds.feedburner.com/GoogleOnlineSecurityBlog,2025-12-18T19:07:57Z
10.0.0.1,15,https://feeds.feedburner.com/GoogleOnlineSecurityBlog,2025-12-18T19:07:57Z
34.54.88.138,15,https://blog.virustotal.com/feeds/posts/default,2025-12-18T19:07:57Z
74.125.34.46,15,https://blog.virustotal.com/feeds/posts/default,2025-12-18T19:07:57Z
3.2.2.4,15,https://feeds.feedburner.com/GoogleOnlineSecurityBlog,2025-12-18T19:56:12Z
3.2.2.5,15,https://feeds.feedburner.com/GoogleOnlineSecurityBlog,2025-12-18T19:56:12Z
192.168.0.1,15,https://feeds.feedburner.com/GoogleOnlineSecurityBlog,2025-12-18T19:56:12Z
10.0.0.1,15,https://feeds.feedburner.com/GoogleOnlineSecurityBlog,2025-12-18T19:56:12Z
34.54.88.138,15,https://blog.virustotal.com/feeds/posts/default,2025-12-18T19:56:12Z
74.125.34.46,15,https://blog.virustotal.com/feeds/posts/default,2025-12-18T19:56:12Z
3.2.2.4,15,https://feeds.feedburner.com/GoogleOnlineSecurityBlog,2025-12-18T21:17:13Z
3.2.2.5,15,https://feeds.feedburner.com/GoogleOnlineSecurityBlog,2025-12-18T21:17:13Z
192.168.0.1,15,https://feeds.feedburner.com/GoogleOnlineSecurityBlog,2025-12-18T21:17:13Z
10.0.0.1,15,https://feeds.feedburner.com/GoogleOnlineSecurityBlog,2025-12-18T21:17:13Z
74.125.34.46,15,https://blog.virustotal.com/feeds/posts/default,2025-12-18T21:17:13Z
34.54.88.138,15,https://blog.virustotal.com/feeds/posts/default,2025-12-18T21:17:13Z
3.2.2.4,15,https://feeds.feedburner.com/GoogleOnlineSecurityBlog,2025-12-19T04:17:06Z
3.2.2.5,15,https://feeds.feedburner.com/GoogleOnlineSecurityBlog,2025-12-19T04:17:06Z
192.168.0.1,15,https://feeds.feedburner.com/GoogleOnlineSecurityBlog,2025-12-19T04:17:06Z
10.0.0.1,15,https://feeds.feedburner.com/GoogleOnlineSecurityBlog,2025-12-19T04:17:06Z
74.125.34.46,15,https://blog.virustotal.com/feeds/posts/default,2025-12-19T04:17:06Z
34.54.88.138,15,https://blog.virustotal.com/feeds/posts/default,2025-12-19T04:17:06Z
3.2.2.4,15,https://feeds.feedburner.com/GoogleOnlineSecurityBlog,2025-12-21T00:50:57Z
3.2.2.5,15,https://feeds.feedburner.com/GoogleOnlineSecurityBlog,2025-12-21T00:50:57Z
192.168.0.1,15,https://feeds.feedburner.com/GoogleOnlineSecurityBlog,2025-12-21T00:50:57Z
10.0.0.1,15,https://feeds.feedburner.com/GoogleOnlineSecurityBlog,2025-12-21T00:50:57Z
74.125.34.46,15,https://blog.virustotal.com/feeds/posts/default,2025-12-21T00:50:57Z
34.54.88.138,15,https://blog.virustotal.com/feeds/posts/default,2025-12-21T00:50:57Z
3.2.2.4,15,https://feeds.feedburner.com/GoogleOnlineSecurityBlog,2025-12-21T01:14:38Z
3.2.2.5,15,https://feeds.feedburner.com/GoogleOnlineSecurityBlog,2025-12-21T01:14:38Z
192.168.0.1,15,https://feeds.feedburner.com/GoogleOnlineSecurityBlog,2025-12-21T01:14:38Z
10.0.0.1,15,https://feeds.feedburner.com/GoogleOnlineSecurityBlog,2025-12-21T01:14:38Z
74.125.34.46,15,https://blog.virustotal.com/feeds/posts/default,2025-12-21T01:14:38Z
34.54.88.138,15,https://blog.virustotal.com/feeds/posts/default,2025-12-21T01:14:38Z
